{
  "build:8": "3.5.309",
  "format:8": "2.0.0",
  "questDatabase:9": {
    "0:10": {
      "questID:3": 0,
      "preRequisites:11": [],
      "properties:10": {
        "betterquesting:10": {
          "issilent:1": 0,
          "snd_complete:8": "minecraft:entity.player.levelup",
          "lockedprogress:1": 0,
          "tasklogic:8": "AND",
          "repeattime:3": -1,
          "visibility:8": "NORMAL",
          "simultaneous:1": 0,
          "icon:10": {
            "id:8": "minecraft:log",
            "Count:3": 1,
            "Damage:2": 0,
            "OreDict:8": ""
          },
          "globalshare:1": 0,
          "questlogic:8": "AND",
          "snd_update:8": "minecraft:entity.player.levelup",
          "autoclaim:1": 0,
          "repeat_relative:1": 1,
          "ismain:1": 1,
          "name:8": "Start",
          "desc:8": "Punch Tree! Craft  a pick a be a dwarf !\n\nany type of tinker\u0027s table work no need for oak ^^"
        }
      },
      "tasks:9": {
        "0:10": {
          "partialMatch:1": 1,
          "autoConsume:1": 0,
          "groupDetect:1": 0,
          "ignoreNBT:1": 0,
          "index:3": 0,
          "consume:1": 0,
          "requiredItems:9": {
            "0:10": {
              "id:8": "minecraft:log",
              "Count:3": 16,
              "Damage:2": 0,
              "OreDict:8": "logWood"
            }
          },
          "taskID:8": "bq_standard:retrieval"
        },
        "1:10": {
          "partialMatch:1": 1,
          "autoConsume:1": 0,
          "groupDetect:1": 0,
          "ignoreNBT:1": 1,
          "index:3": 1,
          "consume:1": 0,
          "requiredItems:9": {
            "0:10": {
              "id:8": "tconstruct:tooltables",
              "Count:3": 1,
              "Damage:2": 0,
              "OreDict:8": ""
            },
            "1:10": {
              "id:8": "tconstruct:tooltables",
              "Count:3": 1,
              "tag:10": {
                "textureBlock:10": {
                  "id:8": "minecraft:planks",
                  "Count:1": 1,
                  "Damage:2": 0
                }
              },
              "Damage:2": 1,
              "OreDict:8": ""
            },
            "2:10": {
              "id:8": "tconstruct:tooltables",
              "Count:3": 1,
              "tag:10": {
                "textureBlock:10": {
                  "id:8": "minecraft:log",
                  "Count:1": 1,
                  "Damage:2": 0
                }
              },
              "Damage:2": 2,
              "OreDict:8": ""
            },
            "3:10": {
              "id:8": "tconstruct:tooltables",
              "Count:3": 1,
              "Damage:2": 3,
              "OreDict:8": ""
            },
            "4:10": {
              "id:8": "tconstruct:tooltables",
              "Count:3": 1,
              "Damage:2": 4,
              "OreDict:8": ""
            },
            "5:10": {
              "id:8": "tconstruct:pattern",
              "Count:3": 8,
              "Damage:2": 0,
              "OreDict:8": ""
            }
          },
          "taskID:8": "bq_standard:retrieval"
        }
      },
      "rewards:9": {
        "0:10": {
          "rewardID:8": "bq_standard:item",
          "index:3": 0,
          "rewards:9": {
            "0:10": {
              "id:8": "minecraft:log",
              "Count:3": 16,
              "Damage:2": 0,
              "OreDict:8": ""
            },
            "1:10": {
              "id:8": "minecraft:chest",
              "Count:3": 4,
              "Damage:2": 0,
              "OreDict:8": ""
            },
            "2:10": {
              "id:8": "ironbackpacks:backpack",
              "Count:3": 1,
              "tag:10": {
                "packInfo:10": {
                  "upgrade:9": {},
                  "type:8": "ironbackpacks:basic",
                  "spec:8": "NONE"
                }
              },
              "Damage:2": 0,
              "OreDict:8": ""
            },
            "3:10": {
              "id:8": "actuallyadditions:item_food",
              "Count:3": 4,
              "Damage:2": 17,
              "OreDict:8": ""
            }
          }
        }
      }
    },
    "1:10": {
      "questID:3": 1,
      "preRequisites:11": [
        0
      ],
      "properties:10": {
        "betterquesting:10": {
          "issilent:1": 0,
          "snd_complete:8": "minecraft:entity.player.levelup",
          "lockedprogress:1": 0,
          "tasklogic:8": "AND",
          "repeattime:3": -1,
          "visibility:8": "NORMAL",
          "simultaneous:1": 0,
          "icon:10": {
            "id:8": "avaritia:infinity_pickaxe",
            "Count:3": 1,
            "tag:10": {
              "ench:9": {
                "0:10": {
                  "lvl:2": 10,
                  "id:2": 35
                }
              }
            },
            "Damage:2": 0,
            "OreDict:8": ""
          },
          "globalshare:1": 0,
          "questlogic:8": "AND",
          "snd_update:8": "minecraft:entity.player.levelup",
          "autoclaim:1": 0,
          "repeat_relative:1": 1,
          "ismain:1": 0,
          "name:8": "First Tools",
          "desc:8": "before doing anything we gonna needs some tools craft a mattock and a shovel and a i\u0027ll make a stone pick for you ^^ \nparts can be replaced, the mattock work as an axe, an hoe and mine dirt but doesn\u0027t work as a shovel . (yes it need a shovel part for making it but don\u0027t mind i don\u0027t understand me too)\n"
        }
      },
      "tasks:9": {
        "0:10": {
          "partialMatch:1": 1,
          "autoConsume:1": 0,
          "groupDetect:1": 0,
          "ignoreNBT:1": 0,
          "index:3": 0,
          "consume:1": 0,
          "requiredItems:9": {
            "0:10": {
              "id:8": "tconstruct:shovel",
              "Count:3": 1,
              "tag:10": {
                "StatsOriginal:10": {
                  "AttackSpeedMultiplier:5": 1.0,
                  "MiningSpeed:5": 2.0,
                  "FreeModifiers:3": 3,
                  "Durability:3": 75,
                  "HarvestLevel:3": 0,
                  "Attack:5": 2.0
                },
                "Stats:10": {
                  "AttackSpeedMultiplier:5": 1.0,
                  "MiningSpeed:5": 2.0,
                  "FreeModifiers:3": 3,
                  "Durability:3": 75,
                  "HarvestLevel:3": 0,
                  "Attack:5": 2.0
                },
                "Special:10": {
                  "Categories:9": {
                    "0:8": "tool",
                    "1:8": "aoe",
                    "2:8": "harvest"
                  }
                },
                "TinkerData:10": {
                  "Materials:9": {
                    "0:8": "wood",
                    "1:8": "wood",
                    "2:8": "wood"
                  },
                  "Modifiers:9": {
                    "0:8": "toolleveling"
                  }
                },
                "Modifiers:9": {
                  "0:10": {
                    "identifier:8": "ecological",
                    "color:3": -7444965,
                    "level:3": 1
                  },
                  "1:10": {
                    "identifier:8": "toolleveling",
                    "color:3": 16777215,
                    "level:3": 1
                  }
                },
                "Traits:9": {
                  "0:8": "ecological",
                  "1:8": "toolleveling"
                }
              },
              "Damage:2": 0,
              "OreDict:8": ""
            },
            "1:10": {
              "id:8": "tconstruct:mattock",
              "Count:3": 1,
              "tag:10": {
                "StatsOriginal:10": {
                  "AttackSpeedMultiplier:5": 1.0,
                  "HarvestLevelAxe:3": 0,
                  "MiningSpeed:5": 2.0,
                  "FreeModifiers:3": 3,
                  "HarvestLevelShovel:3": 0,
                  "Durability:3": 60,
                  "HarvestLevel:3": 0,
                  "Attack:5": 5.0
                },
                "Stats:10": {
                  "AttackSpeedMultiplier:5": 1.0,
                  "HarvestLevelAxe:3": 0,
                  "MiningSpeed:5": 2.0,
                  "FreeModifiers:3": 3,
                  "HarvestLevelShovel:3": 0,
                  "Durability:3": 60,
                  "HarvestLevel:3": 0,
                  "Attack:5": 5.0
                },
                "Special:10": {
                  "Categories:9": {
                    "0:8": "aoe",
                    "1:8": "tool",
                    "2:8": "harvest"
                  }
                },
                "TinkerData:10": {
                  "Materials:9": {
                    "0:8": "wood",
                    "1:8": "wood",
                    "2:8": "wood"
                  },
                  "Modifiers:9": {
                    "0:8": "toolleveling"
                  }
                },
                "Modifiers:9": {
                  "0:10": {
                    "identifier:8": "ecological",
                    "color:3": -7444965,
                    "level:3": 1
                  },
                  "1:10": {
                    "identifier:8": "toolleveling",
                    "color:3": 16777215,
                    "level:3": 1
                  }
                },
                "Traits:9": {
                  "0:8": "ecological",
                  "1:8": "toolleveling"
                }
              },
              "Damage:2": 0,
              "OreDict:8": ""
            }
          },
          "taskID:8": "bq_standard:retrieval"
        }
      },
      "rewards:9": {
        "0:10": {
          "rewardID:8": "bq_standard:item",
          "index:3": 0,
          "rewards:9": {
            "0:10": {
              "id:8": "tconstruct:pickaxe",
              "Count:3": 1,
              "tag:10": {
                "StatsOriginal:10": {
                  "AttackSpeedMultiplier:5": 1.0,
                  "MiningSpeed:5": 4.0,
                  "FreeModifiers:3": 3,
                  "Durability:3": 160,
                  "HarvestLevel:3": 1,
                  "Attack:5": 3.0
                },
                "Stats:10": {
                  "AttackSpeedMultiplier:5": 1.0,
                  "MiningSpeed:5": 4.0,
                  "FreeModifiers:3": 3,
                  "Durability:3": 128,
                  "HarvestLevel:3": 1,
                  "Attack:5": 3.0
                },
                "Special:10": {
                  "Categories:9": {
                    "0:8": "aoe",
                    "1:8": "tool",
                    "2:8": "harvest"
                  }
                },
                "TinkerData:10": {
                  "Materials:9": {
                    "0:8": "wood",
                    "1:8": "stone",
                    "2:8": "wood"
                  },
                  "Modifiers:9": {
                    "0:8": "toolleveling"
                  }
                },
                "Modifiers:9": {
                  "0:10": {
                    "identifier:8": "ecological",
                    "color:3": -7444965,
                    "level:3": 1
                  },
                  "1:10": {
                    "identifier:8": "cheapskate",
                    "color:3": -6710887,
                    "level:3": 1
                  },
                  "2:10": {
                    "identifier:8": "toolleveling",
                    "color:3": 16777215,
                    "level:3": 1
                  }
                },
                "Traits:9": {
                  "0:8": "ecological",
                  "1:8": "cheapskate",
                  "2:8": "toolleveling"
                }
              },
              "Damage:2": 0,
              "OreDict:8": ""
            },
            "1:10": {
              "id:8": "minecraft:leather_helmet",
              "Count:3": 1,
              "Damage:2": 0,
              "OreDict:8": ""
            },
            "2:10": {
              "id:8": "minecraft:leather_chestplate",
              "Count:3": 1,
              "Damage:2": 0,
              "OreDict:8": ""
            },
            "3:10": {
              "id:8": "minecraft:leather_leggings",
              "Count:3": 1,
              "Damage:2": 0,
              "OreDict:8": ""
            },
            "4:10": {
              "id:8": "minecraft:leather_boots",
              "Count:3": 1,
              "Damage:2": 0,
              "OreDict:8": ""
            }
          }
        }
      }
    },
    "2:10": {
      "questID:3": 2,
      "preRequisites:11": [
        1
      ],
      "properties:10": {
        "betterquesting:10": {
          "issilent:1": 0,
          "snd_complete:8": "minecraft:entity.player.levelup",
          "lockedprogress:1": 0,
          "tasklogic:8": "AND",
          "repeattime:3": -1,
          "visibility:8": "NORMAL",
          "simultaneous:1": 0,
          "icon:10": {
            "id:8": "minecraft:clay",
            "Count:3": 1,
            "Damage:2": 0,
            "OreDict:8": ""
          },
          "globalshare:1": 0,
          "questlogic:8": "AND",
          "snd_update:8": "minecraft:entity.player.levelup",
          "autoclaim:1": 0,
          "repeat_relative:1": 1,
          "ismain:1": 0,
          "name:8": "Clay",
          "desc:8": "we\u0027re going to need clay for making our first cast, bucket and our smeltery"
        }
      },
      "tasks:9": {
        "0:10": {
          "partialMatch:1": 1,
          "autoConsume:1": 0,
          "groupDetect:1": 0,
          "ignoreNBT:1": 0,
          "index:3": 0,
          "consume:1": 0,
          "requiredItems:9": {
            "0:10": {
              "id:8": "minecraft:clay_ball",
              "Count:3": 96,
              "Damage:2": 0,
              "OreDict:8": ""
            }
          },
          "taskID:8": "bq_standard:retrieval"
        }
      },
      "rewards:9": {
        "0:10": {
          "rewardID:8": "bq_standard:item",
          "index:3": 0,
          "rewards:9": {
            "0:10": {
              "id:8": "minecraft:clay_ball",
              "Count:3": 16,
              "Damage:2": 0,
              "OreDict:8": ""
            }
          }
        }
      }
    },
    "3:10": {
      "questID:3": 3,
      "preRequisites:11": [
        2
      ],
      "properties:10": {
        "betterquesting:10": {
          "issilent:1": 0,
          "snd_complete:8": "minecraft:entity.player.levelup",
          "lockedprogress:1": 0,
          "tasklogic:8": "AND",
          "repeattime:3": -1,
          "visibility:8": "NORMAL",
          "simultaneous:1": 0,
          "icon:10": {
            "id:8": "tconstruct:slime_sapling",
            "Count:3": 1,
            "Damage:2": 0,
            "OreDict:8": ""
          },
          "globalshare:1": 0,
          "questlogic:8": "AND",
          "snd_update:8": "minecraft:entity.player.levelup",
          "autoclaim:1": 0,
          "repeat_relative:1": 1,
          "ismain:1": 0,
          "name:8": "I am Grout",
          "desc:8": "let\u0027s make some grout for your smeltery !"
        }
      },
      "tasks:9": {
        "0:10": {
          "partialMatch:1": 1,
          "autoConsume:1": 0,
          "groupDetect:1": 0,
          "ignoreNBT:1": 0,
          "index:3": 0,
          "consume:1": 0,
          "requiredItems:9": {
            "0:10": {
              "id:8": "minecraft:gravel",
              "Count:3": 1,
              "Damage:2": 0,
              "OreDict:8": ""
            },
            "1:10": {
              "id:8": "minecraft:sand",
              "Count:3": 1,
              "Damage:2": 0,
              "OreDict:8": ""
            }
          },
          "taskID:8": "bq_standard:retrieval"
        },
        "1:10": {
          "partialMatch:1": 1,
          "autoConsume:1": 0,
          "groupDetect:1": 0,
          "ignoreNBT:1": 0,
          "index:3": 1,
          "consume:1": 0,
          "requiredItems:9": {
            "0:10": {
              "id:8": "tconstruct:soil",
              "Count:3": 1,
              "Damage:2": 0,
              "OreDict:8": ""
            }
          },
          "taskID:8": "bq_standard:retrieval"
        }
      },
      "rewards:9": {
        "0:10": {
          "rewardID:8": "bq_standard:item",
          "index:3": 0,
          "rewards:9": {
            "0:10": {
              "id:8": "tconstruct:wooden_hopper",
              "Count:3": 1,
              "Damage:2": 0,
              "OreDict:8": ""
            }
          }
        }
      }
    },
    "4:10": {
      "questID:3": 4,
      "preRequisites:11": [
        2
      ],
      "properties:10": {
        "betterquesting:10": {
          "issilent:1": 0,
          "snd_complete:8": "minecraft:entity.player.levelup",
          "lockedprogress:1": 0,
          "tasklogic:8": "AND",
          "repeattime:3": -1,
          "visibility:8": "NORMAL",
          "simultaneous:1": 0,
          "icon:10": {
            "id:8": "minecraft:bucket",
            "Count:3": 1,
            "Damage:2": 0,
            "OreDict:8": ""
          },
          "globalshare:1": 0,
          "questlogic:8": "AND",
          "snd_update:8": "minecraft:entity.player.levelup",
          "autoclaim:1": 0,
          "repeat_relative:1": 1,
          "ismain:1": 0,
          "name:8": "Bucket !",
          "desc:8": "the clay bucket broke when used with lava be warn ^^"
        }
      },
      "tasks:9": {
        "0:10": {
          "partialMatch:1": 1,
          "autoConsume:1": 0,
          "groupDetect:1": 0,
          "ignoreNBT:1": 0,
          "index:3": 0,
          "consume:1": 0,
          "requiredItems:9": {
            "0:10": {
              "id:8": "ceramics:clay_bucket",
              "Count:3": 1,
              "Damage:2": 0,
              "OreDict:8": ""
            }
          },
          "taskID:8": "bq_standard:retrieval"
        }
      },
      "rewards:9": {
        "0:10": {
          "rewardID:8": "bq_standard:item",
          "index:3": 0,
          "rewards:9": {
            "0:10": {
              "id:8": "minecraft:sand",
              "Count:3": 8,
              "Damage:2": 0,
              "OreDict:8": ""
            }
          }
        }
      }
    },
    "5:10": {
      "questID:3": 5,
      "preRequisites:11": [
        3,
        4
      ],
      "properties:10": {
        "betterquesting:10": {
          "issilent:1": 0,
          "snd_complete:8": "minecraft:entity.player.levelup",
          "lockedprogress:1": 0,
          "tasklogic:8": "AND",
          "repeattime:3": -1,
          "visibility:8": "NORMAL",
          "simultaneous:1": 0,
          "icon:10": {
            "id:8": "tconstruct:smeltery_controller",
            "Count:3": 1,
            "Damage:2": 0,
            "OreDict:8": ""
          },
          "globalshare:1": 0,
          "questlogic:8": "AND",
          "snd_update:8": "minecraft:entity.player.levelup",
          "autoclaim:1": 0,
          "repeat_relative:1": 1,
          "ismain:1": 0,
          "name:8": "melting, forging ",
          "desc:8": "we all know this smelterie and if not tinkers add a nice book to explain everything ^^"
        }
      },
      "tasks:9": {
        "0:10": {
          "partialMatch:1": 1,
          "autoConsume:1": 0,
          "groupDetect:1": 0,
          "ignoreNBT:1": 0,
          "index:3": 0,
          "consume:1": 0,
          "requiredItems:9": {
            "0:10": {
              "id:8": "tconstruct:seared_tank",
              "Count:3": 1,
              "Damage:2": 0,
              "OreDict:8": ""
            },
            "1:10": {
              "id:8": "tconstruct:smeltery_controller",
              "Count:3": 1,
              "Damage:2": 0,
              "OreDict:8": ""
            },
            "2:10": {
              "id:8": "tconstruct:smeltery_io",
              "Count:3": 1,
              "Damage:2": 0,
              "OreDict:8": ""
            },
            "3:10": {
              "id:8": "tconstruct:faucet",
              "Count:3": 1,
              "Damage:2": 0,
              "OreDict:8": ""
            },
            "4:10": {
              "id:8": "tconstruct:casting",
              "Count:3": 1,
              "Damage:2": 0,
              "OreDict:8": ""
            },
            "5:10": {
              "id:8": "tconstruct:casting",
              "Count:3": 1,
              "Damage:2": 1,
              "OreDict:8": ""
            },
            "6:10": {
              "id:8": "tconstruct:seared",
              "Count:3": 1,
              "Damage:2": 3,
              "OreDict:8": ""
            }
          },
          "taskID:8": "bq_standard:retrieval"
        }
      },
      "rewards:9": {}
    },
    "6:10": {
      "questID:3": 6,
      "preRequisites:11": [
        5
      ],
      "properties:10": {
        "betterquesting:10": {
          "issilent:1": 0,
          "snd_complete:8": "minecraft:entity.player.levelup",
          "lockedprogress:1": 0,
          "tasklogic:8": "AND",
          "repeattime:3": -1,
          "visibility:8": "NORMAL",
          "simultaneous:1": 0,
          "icon:10": {
            "id:8": "magneticraft:storage_blocks",
            "Count:3": 1,
            "Damage:2": 0,
            "OreDict:8": ""
          },
          "globalshare:1": 0,
          "questlogic:8": "AND",
          "snd_update:8": "minecraft:entity.player.levelup",
          "autoclaim:1": 0,
          "repeat_relative:1": 1,
          "ismain:1": 1,
          "name:8": "Copper",
          "desc:8": "copper is the next step for your progression this metal as varius utilisation but the first will be to make a better pick\n\nnote that your furnace can\u0027t melt down ores you\u0027ll need to process them before, then all your fisrt ores will be melted in the tinker\u0027s smeltery"
        }
      },
      "tasks:9": {
        "0:10": {
          "partialMatch:1": 1,
          "autoConsume:1": 0,
          "groupDetect:1": 0,
          "ignoreNBT:1": 0,
          "index:3": 0,
          "consume:1": 0,
          "requiredItems:9": {
            "0:10": {
              "id:8": "thermalfoundation:ore",
              "Count:3": 16,
              "Damage:2": 0,
              "OreDict:8": "oreCopper"
            }
          },
          "taskID:8": "bq_standard:retrieval"
        }
      },
      "rewards:9": {}
    },
    "7:10": {
      "questID:3": 7,
      "preRequisites:11": [
        4
      ],
      "properties:10": {
        "betterquesting:10": {
          "issilent:1": 0,
          "snd_complete:8": "minecraft:entity.player.levelup",
          "lockedprogress:1": 0,
          "tasklogic:8": "AND",
          "repeattime:3": -1,
          "visibility:8": "NORMAL",
          "simultaneous:1": 0,
          "icon:10": {
            "id:8": "minecraft:bread",
            "Count:3": 1,
            "Damage:2": 0,
            "OreDict:8": ""
          },
          "globalshare:1": 0,
          "questlogic:8": "AND",
          "snd_update:8": "minecraft:entity.player.levelup",
          "autoclaim:1": 0,
          "repeat_relative:1": 1,
          "ismain:1": 0,
          "name:8": "farming",
          "desc:8": "the pack contain Agricraft this mean that vanilla agriculture is disable.\nWeed is enable in the pack.\nlet\u0027s make some first seed , by breaking grass you will find hemp seed and wheat, you can find riz near rivers lake or ocean your bread it from the previous crops."
        }
      },
      "tasks:9": {
        "0:10": {
          "partialMatch:1": 1,
          "autoConsume:1": 0,
          "groupDetect:1": 0,
          "ignoreNBT:1": 0,
          "index:3": 0,
          "consume:1": 0,
          "requiredItems:9": {
            "0:10": {
              "id:8": "agricraft:crop_sticks",
              "Count:3": 16,
              "Damage:2": 0,
              "OreDict:8": ""
            },
            "1:10": {
              "id:8": "minecraft:wheat_seeds",
              "Count:3": 1,
              "Damage:2": 0,
              "OreDict:8": ""
            },
            "2:10": {
              "id:8": "immersiveengineering:seed",
              "Count:3": 1,
              "Damage:2": 0,
              "OreDict:8": ""
            }
          },
          "taskID:8": "bq_standard:retrieval"
        }
      },
      "rewards:9": {
        "0:10": {
          "rewardID:8": "bq_standard:item",
          "index:3": 0,
          "rewards:9": {
            "0:10": {
              "id:8": "agricraft:agri_seed",
              "Count:3": 1,
              "tag:10": {
                "agri_analyzed:1": 0,
                "agri_strength:1": 1,
                "agri_gain:1": 1,
                "agri_seed:8": "vanilla:carrot_plant",
                "agri_growth:1": 1
              },
              "Damage:2": 0,
              "OreDict:8": ""
            },
            "1:10": {
              "id:8": "agricraft:agri_seed",
              "Count:3": 1,
              "tag:10": {
                "agri_analyzed:1": 0,
                "agri_strength:1": 1,
                "agri_gain:1": 1,
                "agri_seed:8": "vanilla:potato_plant",
                "agri_growth:1": 1
              },
              "Damage:2": 0,
              "OreDict:8": ""
            }
          }
        }
      }
    },
    "8:10": {
      "questID:3": 8,
      "preRequisites:11": [
        7
      ],
      "properties:10": {
        "betterquesting:10": {
          "issilent:1": 0,
          "snd_complete:8": "minecraft:entity.player.levelup",
          "lockedprogress:1": 0,
          "tasklogic:8": "AND",
          "repeattime:3": -1,
          "visibility:8": "NORMAL",
          "simultaneous:1": 0,
          "icon:10": {
            "id:8": "agricraft:clipper",
            "Count:3": 1,
            "Damage:2": 0,
            "OreDict:8": ""
          },
          "globalshare:1": 0,
          "questlogic:8": "AND",
          "snd_update:8": "minecraft:entity.player.levelup",
          "autoclaim:1": 0,
          "repeat_relative:1": 1,
          "ismain:1": 0,
          "name:8": "farming tools",
          "desc:8": "the wooden hand rake allow you to take away the weed from your crops,\nthe clipper to replicate your seed with a chance base on the strenth of the crop, a strenth of 10 mean 100% to your clipping to work it\u0027s safer than spreeding crop.\nthe gardening trowel allow you to move your crops /!\\ unfully growth crops won\u0027t drop there seeds."
        }
      },
      "tasks:9": {
        "0:10": {
          "partialMatch:1": 1,
          "autoConsume:1": 0,
          "groupDetect:1": 0,
          "ignoreNBT:1": 0,
          "index:3": 0,
          "consume:1": 0,
          "requiredItems:9": {
            "0:10": {
              "id:8": "agricraft:rake",
              "Count:3": 1,
              "Damage:2": 0,
              "OreDict:8": ""
            },
            "1:10": {
              "id:8": "agricraft:clipper",
              "Count:3": 1,
              "Damage:2": 0,
              "OreDict:8": ""
            },
            "2:10": {
              "id:8": "agricraft:trowel",
              "Count:3": 1,
              "Damage:2": 0,
              "OreDict:8": ""
            }
          },
          "taskID:8": "bq_standard:retrieval"
        }
      },
      "rewards:9": {}
    },
    "9:10": {
      "questID:3": 9,
      "preRequisites:11": [
        6
      ],
      "properties:10": {
        "betterquesting:10": {
          "issilent:1": 0,
          "snd_complete:8": "minecraft:entity.player.levelup",
          "lockedprogress:1": 0,
          "tasklogic:8": "AND",
          "repeattime:3": -1,
          "visibility:8": "NORMAL",
          "simultaneous:1": 0,
          "icon:10": {
            "id:8": "thermalfoundation:tool.pickaxe_copper",
            "Count:3": 1,
            "Damage:2": 0,
            "OreDict:8": ""
          },
          "globalshare:1": 0,
          "questlogic:8": "AND",
          "snd_update:8": "minecraft:entity.player.levelup",
          "autoclaim:1": 0,
          "repeat_relative:1": 1,
          "ismain:1": 1,
          "name:8": "Copper Tool",
          "desc:8": "let\u0027s upgrade our tools !"
        }
      },
      "tasks:9": {
        "0:10": {
          "partialMatch:1": 1,
          "autoConsume:1": 0,
          "groupDetect:1": 0,
          "ignoreNBT:1": 0,
          "index:3": 0,
          "consume:1": 0,
          "requiredItems:9": {
            "0:10": {
              "id:8": "tconstruct:clay_cast",
              "Count:3": 1,
              "tag:10": {
                "PartType:8": "tconstruct:pick_head"
              },
              "Damage:2": 0,
              "OreDict:8": ""
            },
            "1:10": {
              "id:8": "tconstruct:pick_head",
              "Count:3": 1,
              "tag:10": {
                "Material:8": "copper"
              },
              "Damage:2": 0,
              "OreDict:8": ""
            }
          },
          "taskID:8": "bq_standard:retrieval"
        }
      },
      "rewards:9": {}
    },
    "10:10": {
      "questID:3": 10,
      "preRequisites:11": [
        9
      ],
      "properties:10": {
        "betterquesting:10": {
          "issilent:1": 0,
          "snd_complete:8": "minecraft:entity.player.levelup",
          "lockedprogress:1": 0,
          "tasklogic:8": "AND",
          "repeattime:3": -1,
          "visibility:8": "NORMAL",
          "simultaneous:1": 0,
          "icon:10": {
            "id:8": "thermalfoundation:storage_alloy",
            "Count:3": 1,
            "Damage:2": 3,
            "OreDict:8": ""
          },
          "globalshare:1": 0,
          "questlogic:8": "AND",
          "snd_update:8": "minecraft:entity.player.levelup",
          "autoclaim:1": 0,
          "repeat_relative:1": 1,
          "ismain:1": 0,
          "name:8": "Bronze !",
          "desc:8": "Bronze is an alloy made from tin and copper"
        }
      },
      "tasks:9": {
        "0:10": {
          "partialMatch:1": 1,
          "autoConsume:1": 0,
          "groupDetect:1": 0,
          "ignoreNBT:1": 0,
          "index:3": 0,
          "consume:1": 0,
          "requiredItems:9": {
            "0:10": {
              "id:8": "thermalfoundation:ore",
              "Count:3": 8,
              "Damage:2": 1,
              "OreDict:8": "oreTin"
            }
          },
          "taskID:8": "bq_standard:retrieval"
        },
        "1:10": {
          "partialMatch:1": 1,
          "autoConsume:1": 0,
          "groupDetect:1": 0,
          "ignoreNBT:1": 0,
          "index:3": 1,
          "consume:1": 0,
          "requiredItems:9": {
            "0:10": {
              "id:8": "tconstruct:pick_head",
              "Count:3": 1,
              "tag:10": {
                "Material:8": "bronze"
              },
              "Damage:2": 0,
              "OreDict:8": ""
            }
          },
          "taskID:8": "bq_standard:retrieval"
        }
      },
      "rewards:9": {
        "0:10": {
          "rewardID:8": "bq_standard:choice",
          "index:3": 0,
          "choices:9": {
            "0:10": {
              "id:8": "tconstruct:shovel_head",
              "Count:3": 1,
              "tag:10": {
                "Material:8": "bronze"
              },
              "Damage:2": 0,
              "OreDict:8": ""
            },
            "1:10": {
              "id:8": "tconstruct:axe_head",
              "Count:3": 1,
              "tag:10": {
                "Material:8": "bronze"
              },
              "Damage:2": 0,
              "OreDict:8": ""
            }
          }
        }
      }
    },
    "11:10": {
      "questID:3": 11,
      "preRequisites:11": [
        10
      ],
      "properties:10": {
        "betterquesting:10": {
          "issilent:1": 0,
          "snd_complete:8": "minecraft:entity.player.levelup",
          "lockedprogress:1": 0,
          "tasklogic:8": "AND",
          "repeattime:3": -1,
          "visibility:8": "NORMAL",
          "simultaneous:1": 0,
          "icon:10": {
            "id:8": "tconstruct:cast",
            "Count:3": 1,
            "tag:10": {
              "PartType:8": "tconstruct:pick_head"
            },
            "Damage:2": 0,
            "OreDict:8": ""
          },
          "globalshare:1": 0,
          "questlogic:8": "AND",
          "snd_update:8": "minecraft:entity.player.levelup",
          "autoclaim:1": 0,
          "repeat_relative:1": 1,
          "ismain:1": 0,
          "name:8": "Brass",
          "desc:8": "aluminium brass is made from aluminium and copper it is used to make reusable cast"
        }
      },
      "tasks:9": {
        "0:10": {
          "partialMatch:1": 1,
          "autoConsume:1": 0,
          "groupDetect:1": 0,
          "ignoreNBT:1": 0,
          "index:3": 0,
          "consume:1": 0,
          "requiredItems:9": {
            "0:10": {
              "id:8": "thermalfoundation:ore",
              "Count:3": 1,
              "Damage:2": 4,
              "OreDict:8": "oreAluminum"
            }
          },
          "taskID:8": "bq_standard:retrieval"
        },
        "1:10": {
          "partialMatch:1": 1,
          "autoConsume:1": 0,
          "groupDetect:1": 0,
          "ignoreNBT:1": 0,
          "index:3": 1,
          "consume:1": 0,
          "requiredItems:9": {
            "0:10": {
              "id:8": "tconstruct:cast",
              "Count:3": 1,
              "Damage:2": 0,
              "OreDict:8": "cast"
            }
          },
          "taskID:8": "bq_standard:retrieval"
        }
      },
      "rewards:9": {}
    },
    "12:10": {
      "questID:3": 12,
      "preRequisites:11": [
        11
      ],
      "properties:10": {
        "betterquesting:10": {
          "issilent:1": 0,
          "snd_complete:8": "minecraft:entity.player.levelup",
          "lockedprogress:1": 0,
          "tasklogic:8": "AND",
          "repeattime:3": -1,
          "visibility:8": "NORMAL",
          "simultaneous:1": 0,
          "icon:10": {
            "id:8": "thermalfoundation:armor.plate_bronze",
            "Count:3": 1,
            "Damage:2": 0,
            "OreDict:8": ""
          },
          "globalshare:1": 0,
          "questlogic:8": "AND",
          "snd_update:8": "minecraft:entity.player.levelup",
          "autoclaim:1": 0,
          "repeat_relative:1": 1,
          "ismain:1": 0,
          "name:8": "Better Armor",
          "desc:8": "your lether armor is usefull for the start but let\u0027s make a better one !\ni\u0027ve an old trick to help amor to repair by themself i\u0027ll just take it 2s"
        }
      },
      "tasks:9": {
        "0:10": {
          "partialMatch:1": 1,
          "autoConsume:1": 0,
          "groupDetect:1": 0,
          "ignoreNBT:1": 0,
          "index:3": 0,
          "consume:1": 0,
          "requiredItems:9": {
            "0:10": {
              "id:8": "conarm:armor_plate",
              "Count:3": 4,
              "tag:10": {
                "Material:8": "bronze"
              },
              "Damage:2": 0,
              "OreDict:8": ""
            },
            "1:10": {
              "id:8": "conarm:armor_trim",
              "Count:3": 4,
              "tag:10": {
                "Material:8": "copper"
              },
              "Damage:2": 0,
              "OreDict:8": ""
            },
            "2:10": {
              "id:8": "conarm:helmet_core",
              "Count:3": 1,
              "tag:10": {
                "Material:8": "bronze"
              },
              "Damage:2": 0,
              "OreDict:8": ""
            },
            "3:10": {
              "id:8": "conarm:chest_core",
              "Count:3": 1,
              "tag:10": {
                "Material:8": "bronze"
              },
              "Damage:2": 0,
              "OreDict:8": ""
            },
            "4:10": {
              "id:8": "conarm:leggings_core",
              "Count:3": 1,
              "tag:10": {
                "Material:8": "bronze"
              },
              "Damage:2": 0,
              "OreDict:8": ""
            },
            "5:10": {
              "id:8": "conarm:boots_core",
              "Count:3": 1,
              "tag:10": {
                "Material:8": "bronze"
              },
              "Damage:2": 0,
              "OreDict:8": ""
            }
          },
          "taskID:8": "bq_standard:retrieval"
        },
        "1:10": {
          "partialMatch:1": 1,
          "autoConsume:1": 0,
          "groupDetect:1": 0,
          "ignoreNBT:1": 0,
          "index:3": 1,
          "consume:1": 1,
          "requiredItems:9": {
            "0:10": {
              "id:8": "conarm:helmet",
              "Count:3": 1,
              "tag:10": {
                "StatsOriginal:10": {
                  "Toughness:5": 1.25,
                  "FreeModifiers:3": 3,
                  "Durability:3": 351,
                  "Defense:5": 12.0
                },
                "Stats:10": {
                  "Toughness:5": 1.25,
                  "FreeModifiers:3": 3,
                  "Durability:3": 351,
                  "Defense:5": 12.0
                },
                "TinkerData:10": {
                  "Materials:9": {
                    "0:8": "bronze",
                    "1:8": "bronze",
                    "2:8": "copper"
                  },
                  "Modifiers:9": {
                    "0:8": "leveling_armor"
                  }
                },
                "Modifiers:9": {
                  "0:10": {
                    "identifier:8": "dense_armor",
                    "color:3": -1852056,
                    "level:3": 1
                  },
                  "1:10": {
                    "identifier:8": "ambitious_armor",
                    "color:3": -1204473,
                    "level:3": 1
                  },
                  "2:10": {
                    "identifier:8": "leveling_armor",
                    "color:3": 16777215,
                    "level:3": 1
                  }
                },
                "Traits:9": {
                  "0:8": "dense_armor",
                  "1:8": "ambitious_armor",
                  "2:8": "leveling_armor"
                }
              },
              "Damage:2": 0,
              "OreDict:8": ""
            },
            "1:10": {
              "id:8": "conarm:chestplate",
              "Count:3": 1,
              "tag:10": {
                "StatsOriginal:10": {
                  "Toughness:5": 1.25,
                  "FreeModifiers:3": 3,
                  "Durability:3": 510,
                  "Defense:5": 12.0
                },
                "Stats:10": {
                  "Toughness:5": 1.25,
                  "FreeModifiers:3": 3,
                  "Durability:3": 510,
                  "Defense:5": 12.0
                },
                "TinkerData:10": {
                  "Materials:9": {
                    "0:8": "bronze",
                    "1:8": "bronze",
                    "2:8": "copper"
                  },
                  "Modifiers:9": {
                    "0:8": "leveling_armor"
                  }
                },
                "Modifiers:9": {
                  "0:10": {
                    "identifier:8": "dense_armor",
                    "color:3": -1852056,
                    "level:3": 1
                  },
                  "1:10": {
                    "identifier:8": "ambitious_armor",
                    "color:3": -1204473,
                    "level:3": 1
                  },
                  "2:10": {
                    "identifier:8": "leveling_armor",
                    "color:3": 16777215,
                    "level:3": 1
                  }
                },
                "Traits:9": {
                  "0:8": "dense_armor",
                  "1:8": "ambitious_armor",
                  "2:8": "leveling_armor"
                }
              },
              "Damage:2": 0,
              "OreDict:8": ""
            },
            "2:10": {
              "id:8": "conarm:leggings",
              "Count:3": 1,
              "tag:10": {
                "StatsOriginal:10": {
                  "Toughness:5": 1.25,
                  "FreeModifiers:3": 3,
                  "Durability:3": 479,
                  "Defense:5": 12.0
                },
                "Stats:10": {
                  "Toughness:5": 1.25,
                  "FreeModifiers:3": 3,
                  "Durability:3": 479,
                  "Defense:5": 12.0
                },
                "TinkerData:10": {
                  "Materials:9": {
                    "0:8": "bronze",
                    "1:8": "bronze",
                    "2:8": "copper"
                  },
                  "Modifiers:9": {
                    "0:8": "leveling_armor"
                  }
                },
                "Modifiers:9": {
                  "0:10": {
                    "identifier:8": "dense_armor",
                    "color:3": -1852056,
                    "level:3": 1
                  },
                  "1:10": {
                    "identifier:8": "ambitious_armor",
                    "color:3": -1204473,
                    "level:3": 1
                  },
                  "2:10": {
                    "identifier:8": "leveling_armor",
                    "color:3": 16777215,
                    "level:3": 1
                  }
                },
                "Traits:9": {
                  "0:8": "dense_armor",
                  "1:8": "ambitious_armor",
                  "2:8": "leveling_armor"
                }
              },
              "Damage:2": 0,
              "OreDict:8": ""
            },
            "3:10": {
              "id:8": "conarm:boots",
              "Count:3": 1,
              "tag:10": {
                "StatsOriginal:10": {
                  "Toughness:5": 1.25,
                  "FreeModifiers:3": 3,
                  "Durability:3": 415,
                  "Defense:5": 12.0
                },
                "Stats:10": {
                  "Toughness:5": 1.25,
                  "FreeModifiers:3": 3,
                  "Durability:3": 415,
                  "Defense:5": 12.0
                },
                "TinkerData:10": {
                  "Materials:9": {
                    "0:8": "bronze",
                    "1:8": "bronze",
                    "2:8": "copper"
                  },
                  "Modifiers:9": {
                    "0:8": "leveling_armor"
                  }
                },
                "Modifiers:9": {
                  "0:10": {
                    "identifier:8": "dense_armor",
                    "color:3": -1852056,
                    "level:3": 1
                  },
                  "1:10": {
                    "identifier:8": "ambitious_armor",
                    "color:3": -1204473,
                    "level:3": 1
                  },
                  "2:10": {
                    "identifier:8": "leveling_armor",
                    "color:3": 16777215,
                    "level:3": 1
                  }
                },
                "Traits:9": {
                  "0:8": "dense_armor",
                  "1:8": "ambitious_armor",
                  "2:8": "leveling_armor"
                }
              },
              "Damage:2": 0,
              "OreDict:8": ""
            }
          },
          "taskID:8": "bq_standard:retrieval"
        }
      },
      "rewards:9": {
        "0:10": {
          "rewardID:8": "bq_standard:item",
          "index:3": 0,
          "rewards:9": {
            "0:10": {
              "id:8": "conarm:helmet",
              "Count:3": 1,
              "tag:10": {
                "StatsOriginal:10": {
                  "Toughness:5": 1.25,
                  "FreeModifiers:3": 3,
                  "Durability:3": 351,
                  "Defense:5": 12.0
                },
                "Stats:10": {
                  "AttackSpeedMultiplier:5": 0.0,
                  "Toughness:5": 1.25,
                  "MiningSpeed:5": 0.0,
                  "FreeModifiers:3": 2,
                  "Durability:3": 351,
                  "HarvestLevel:3": 0,
                  "Attack:5": 0.0,
                  "Defense:5": 12.0
                },
                "TinkerData:10": {
                  "UsedModifiers:3": 1,
                  "Materials:9": {
                    "0:8": "bronze",
                    "1:8": "bronze",
                    "2:8": "copper"
                  },
                  "Modifiers:9": {
                    "0:8": "leveling_armor",
                    "1:8": "mending_armor"
                  }
                },
                "Modifiers:9": {
                  "0:10": {
                    "identifier:8": "dense_armor",
                    "color:3": -1852056,
                    "level:3": 1
                  },
                  "1:10": {
                    "identifier:8": "ambitious_armor",
                    "color:3": -1204473,
                    "level:3": 1
                  },
                  "2:10": {
                    "identifier:8": "leveling_armor",
                    "color:3": 16777215,
                    "level:3": 1
                  },
                  "3:10": {
                    "identifier:8": "mending_armor",
                    "color:3": 4434738,
                    "level:3": 1
                  }
                },
                "Traits:9": {
                  "0:8": "dense_armor",
                  "1:8": "ambitious_armor",
                  "2:8": "leveling_armor",
                  "3:8": "mending_armor"
                }
              },
              "Damage:2": 0,
              "OreDict:8": ""
            },
            "1:10": {
              "id:8": "conarm:chestplate",
              "Count:3": 1,
              "tag:10": {
                "StatsOriginal:10": {
                  "Toughness:5": 1.25,
                  "FreeModifiers:3": 3,
                  "Durability:3": 510,
                  "Defense:5": 12.0
                },
                "Stats:10": {
                  "AttackSpeedMultiplier:5": 0.0,
                  "Toughness:5": 1.25,
                  "MiningSpeed:5": 0.0,
                  "FreeModifiers:3": 2,
                  "Durability:3": 510,
                  "HarvestLevel:3": 0,
                  "Attack:5": 0.0,
                  "Defense:5": 12.0
                },
                "TinkerData:10": {
                  "UsedModifiers:3": 1,
                  "Materials:9": {
                    "0:8": "bronze",
                    "1:8": "bronze",
                    "2:8": "copper"
                  },
                  "Modifiers:9": {
                    "0:8": "leveling_armor",
                    "1:8": "mending_armor"
                  }
                },
                "Modifiers:9": {
                  "0:10": {
                    "identifier:8": "dense_armor",
                    "color:3": -1852056,
                    "level:3": 1
                  },
                  "1:10": {
                    "identifier:8": "ambitious_armor",
                    "color:3": -1204473,
                    "level:3": 1
                  },
                  "2:10": {
                    "identifier:8": "leveling_armor",
                    "color:3": 16777215,
                    "level:3": 1
                  },
                  "3:10": {
                    "identifier:8": "mending_armor",
                    "color:3": 4434738,
                    "level:3": 1
                  }
                },
                "Traits:9": {
                  "0:8": "dense_armor",
                  "1:8": "ambitious_armor",
                  "2:8": "leveling_armor",
                  "3:8": "mending_armor"
                }
              },
              "Damage:2": 0,
              "OreDict:8": ""
            },
            "2:10": {
              "id:8": "conarm:leggings",
              "Count:3": 1,
              "tag:10": {
                "StatsOriginal:10": {
                  "Toughness:5": 1.25,
                  "FreeModifiers:3": 3,
                  "Durability:3": 479,
                  "Defense:5": 12.0
                },
                "Stats:10": {
                  "AttackSpeedMultiplier:5": 0.0,
                  "Toughness:5": 1.25,
                  "MiningSpeed:5": 0.0,
                  "FreeModifiers:3": 2,
                  "Durability:3": 479,
                  "HarvestLevel:3": 0,
                  "Attack:5": 0.0,
                  "Defense:5": 12.0
                },
                "TinkerData:10": {
                  "UsedModifiers:3": 1,
                  "Materials:9": {
                    "0:8": "bronze",
                    "1:8": "bronze",
                    "2:8": "copper"
                  },
                  "Modifiers:9": {
                    "0:8": "leveling_armor",
                    "1:8": "mending_armor"
                  }
                },
                "Modifiers:9": {
                  "0:10": {
                    "identifier:8": "dense_armor",
                    "color:3": -1852056,
                    "level:3": 1
                  },
                  "1:10": {
                    "identifier:8": "ambitious_armor",
                    "color:3": -1204473,
                    "level:3": 1
                  },
                  "2:10": {
                    "identifier:8": "leveling_armor",
                    "color:3": 16777215,
                    "level:3": 1
                  },
                  "3:10": {
                    "identifier:8": "mending_armor",
                    "color:3": 4434738,
                    "level:3": 1
                  }
                },
                "Traits:9": {
                  "0:8": "dense_armor",
                  "1:8": "ambitious_armor",
                  "2:8": "leveling_armor",
                  "3:8": "mending_armor"
                }
              },
              "Damage:2": 0,
              "OreDict:8": ""
            },
            "3:10": {
              "id:8": "conarm:boots",
              "Count:3": 1,
              "tag:10": {
                "StatsOriginal:10": {
                  "Toughness:5": 1.25,
                  "FreeModifiers:3": 3,
                  "Durability:3": 415,
                  "Defense:5": 12.0
                },
                "Stats:10": {
                  "AttackSpeedMultiplier:5": 0.0,
                  "Toughness:5": 1.25,
                  "MiningSpeed:5": 0.0,
                  "FreeModifiers:3": 2,
                  "Durability:3": 415,
                  "HarvestLevel:3": 0,
                  "Attack:5": 0.0,
                  "Defense:5": 12.0
                },
                "TinkerData:10": {
                  "UsedModifiers:3": 1,
                  "Materials:9": {
                    "0:8": "bronze",
                    "1:8": "bronze",
                    "2:8": "copper"
                  },
                  "Modifiers:9": {
                    "0:8": "leveling_armor",
                    "1:8": "mending_armor"
                  }
                },
                "Modifiers:9": {
                  "0:10": {
                    "identifier:8": "dense_armor",
                    "color:3": -1852056,
                    "level:3": 1
                  },
                  "1:10": {
                    "identifier:8": "ambitious_armor",
                    "color:3": -1204473,
                    "level:3": 1
                  },
                  "2:10": {
                    "identifier:8": "leveling_armor",
                    "color:3": 16777215,
                    "level:3": 1
                  },
                  "3:10": {
                    "identifier:8": "mending_armor",
                    "color:3": 4434738,
                    "level:3": 1
                  }
                },
                "Traits:9": {
                  "0:8": "dense_armor",
                  "1:8": "ambitious_armor",
                  "2:8": "leveling_armor",
                  "3:8": "mending_armor"
                }
              },
              "Damage:2": 0,
              "OreDict:8": ""
            }
          }
        }
      }
    },
    "13:10": {
      "questID:3": 13,
      "preRequisites:11": [
        10
      ],
      "properties:10": {
        "betterquesting:10": {
          "issilent:1": 0,
          "snd_complete:8": "minecraft:entity.player.levelup",
          "lockedprogress:1": 0,
          "tasklogic:8": "AND",
          "repeattime:3": -1,
          "visibility:8": "NORMAL",
          "simultaneous:1": 0,
          "icon:10": {
            "id:8": "magneticraft:crushing_table",
            "Count:3": 1,
            "Damage:2": 0,
            "OreDict:8": ""
          },
          "globalshare:1": 0,
          "questlogic:8": "AND",
          "snd_update:8": "minecraft:entity.player.levelup",
          "autoclaim:1": 0,
          "repeat_relative:1": 1,
          "ismain:1": 0,
          "name:8": "Ore process",
          "desc:8": "the smeltery is a nice ore processor but not the most efficent one let\u0027s start with a bit better one.\n\nthe crushing table allow you to crush ores into rocky chunck , then we can clean them in the sluice box and get extra ore.\n\nit also allow you to make plate by placing block or ingot.\n\nthe thermal\u0027s hammer\u0027s works with the crushing table wich take cake of mining level."
        }
      },
      "tasks:9": {
        "0:10": {
          "partialMatch:1": 1,
          "autoConsume:1": 0,
          "groupDetect:1": 0,
          "ignoreNBT:1": 0,
          "index:3": 0,
          "consume:1": 0,
          "requiredItems:9": {
            "0:10": {
              "id:8": "magneticraft:crushing_table",
              "Count:3": 1,
              "Damage:2": 0,
              "OreDict:8": ""
            },
            "1:10": {
              "id:8": "thermalfoundation:tool.hammer_bronze",
              "Count:3": 1,
              "Damage:2": 0,
              "OreDict:8": ""
            }
          },
          "taskID:8": "bq_standard:retrieval"
        }
      },
      "rewards:9": {}
    },
    "14:10": {
      "questID:3": 14,
      "preRequisites:11": [
        13
      ],
      "properties:10": {
        "betterquesting:10": {
          "issilent:1": 0,
          "snd_complete:8": "minecraft:entity.player.levelup",
          "lockedprogress:1": 0,
          "tasklogic:8": "AND",
          "repeattime:3": -1,
          "visibility:8": "NORMAL",
          "simultaneous:1": 0,
          "icon:10": {
            "id:8": "magneticraft:sluice_box",
            "Count:3": 1,
            "Damage:2": 0,
            "OreDict:8": ""
          },
          "globalshare:1": 0,
          "questlogic:8": "AND",
          "snd_update:8": "minecraft:entity.player.levelup",
          "autoclaim:1": 0,
          "repeat_relative:1": 1,
          "ismain:1": 0,
          "name:8": "are we gold finders ?",
          "desc:8": "the sluice box will allow you to clean your rocky ores and get extra ore with water"
        }
      },
      "tasks:9": {
        "0:10": {
          "partialMatch:1": 1,
          "autoConsume:1": 0,
          "groupDetect:1": 0,
          "ignoreNBT:1": 0,
          "index:3": 0,
          "consume:1": 0,
          "requiredItems:9": {
            "0:10": {
              "id:8": "thermalfoundation:material",
              "Count:3": 5,
              "Damage:2": 355,
              "OreDict:8": "plateBronze"
            },
            "1:10": {
              "id:8": "minecraft:string",
              "Count:3": 4,
              "Damage:2": 0,
              "OreDict:8": ""
            }
          },
          "taskID:8": "bq_standard:retrieval"
        },
        "1:10": {
          "partialMatch:1": 1,
          "autoConsume:1": 0,
          "groupDetect:1": 0,
          "ignoreNBT:1": 0,
          "index:3": 1,
          "consume:1": 0,
          "requiredItems:9": {
            "0:10": {
              "id:8": "magneticraft:crafting",
              "Count:3": 1,
              "Damage:2": 5,
              "OreDict:8": ""
            },
            "1:10": {
              "id:8": "magneticraft:sluice_box",
              "Count:3": 1,
              "Damage:2": 0,
              "OreDict:8": ""
            }
          },
          "taskID:8": "bq_standard:retrieval"
        }
      },
      "rewards:9": {
        "0:10": {
          "rewardID:8": "bq_standard:item",
          "index:3": 0,
          "rewards:9": {
            "0:10": {
              "id:8": "ironchest:iron_chest",
              "Count:3": 2,
              "Damage:2": 3,
              "OreDict:8": ""
            }
          }
        }
      }
    },
    "15:10": {
      "questID:3": 15,
      "preRequisites:11": [
        13
      ],
      "properties:10": {
        "betterquesting:10": {
          "issilent:1": 0,
          "snd_complete:8": "minecraft:entity.player.levelup",
          "lockedprogress:1": 0,
          "tasklogic:8": "AND",
          "repeattime:3": -1,
          "visibility:8": "NORMAL",
          "simultaneous:1": 0,
          "icon:10": {
            "id:8": "magneticraft:steam_boiler",
            "Count:3": 1,
            "Damage:2": 0,
            "OreDict:8": ""
          },
          "globalshare:1": 0,
          "questlogic:8": "AND",
          "snd_update:8": "minecraft:entity.player.levelup",
          "autoclaim:1": 0,
          "repeat_relative:1": 1,
          "ismain:1": 0,
          "name:8": "steam !",
          "desc:8": "let\u0027s make a bite of steam to make electricity !\n\nthe combustion chamber will burn fuel to make heat the boiler will consume water to make steam a 20 mb/t max, the pipes transfert liquid you need to configure input on pipe with the wrench to make them working"
        }
      },
      "tasks:9": {
        "0:10": {
          "partialMatch:1": 1,
          "autoConsume:1": 0,
          "groupDetect:1": 0,
          "ignoreNBT:1": 0,
          "index:3": 0,
          "consume:1": 0,
          "requiredItems:9": {
            "0:10": {
              "id:8": "magneticraft:water_generator",
              "Count:3": 1,
              "Damage:2": 0,
              "OreDict:8": ""
            },
            "1:10": {
              "id:8": "magneticraft:iron_pipe",
              "Count:3": 1,
              "Damage:2": 0,
              "OreDict:8": ""
            },
            "2:10": {
              "id:8": "magneticraft:steam_boiler",
              "Count:3": 1,
              "Damage:2": 0,
              "OreDict:8": ""
            },
            "3:10": {
              "id:8": "magneticraft:combustion_chamber",
              "Count:3": 1,
              "Damage:2": 0,
              "OreDict:8": ""
            },
            "4:10": {
              "id:8": "magneticraft:wrench",
              "Count:3": 1,
              "Damage:2": 0,
              "OreDict:8": ""
            }
          },
          "taskID:8": "bq_standard:retrieval"
        }
      },
      "rewards:9": {
        "0:10": {
          "rewardID:8": "bq_standard:item",
          "index:3": 0,
          "rewards:9": {
            "0:10": {
              "id:8": "mysticalagriculture:coal_block",
              "Count:3": 1,
              "Damage:2": 0,
              "OreDict:8": ""
            }
          }
        }
      }
    },
    "16:10": {
      "questID:3": 16,
      "preRequisites:11": [
        15
      ],
      "properties:10": {
        "betterquesting:10": {
          "issilent:1": 0,
          "snd_complete:8": "minecraft:entity.player.levelup",
          "lockedprogress:1": 0,
          "tasklogic:8": "AND",
          "repeattime:3": -1,
          "visibility:8": "NORMAL",
          "simultaneous:1": 0,
          "icon:10": {
            "id:8": "magneticraft:guide_book",
            "Count:3": 1,
            "Damage:2": 0,
            "OreDict:8": ""
          },
          "globalshare:1": 0,
          "questlogic:8": "AND",
          "snd_update:8": "minecraft:entity.player.levelup",
          "autoclaim:1": 0,
          "repeat_relative:1": 1,
          "ismain:1": 1,
          "name:8": "From Steam to 125 V",
          "desc:8": "the small steam turbine need 1mb of steam to produce 2J , 1W\u003d 1J/t. cable have an intern resistance making energy lose by passing throug (it\u0027s better explain in the book but it just work as real electricty then it\u0027s nice)\n\ncopper coil have a resistance of  2 Ohm/cable and a max distance of 10 block at 125V\n\nthe electric pole work as if it has a resistance a 2.5 Ohm/cable at 125 V but transfert at a higher voltage the pole transformer add 0.25 Ohm to the circuit\n\nyou can make your system without making math if you want or if you enjoy electricity you can determine your loss and other nice thing\n\nif your machines needs more energy that your generator can produce a V drop will occur this mean that your voltage will drasticly down (around 65V with only 20W of over consumption) and with the voltage downgrade your loss will raise up.\n\none block machines share theyre power\n\neletricity seems to works as if it\u0027s continous voltage and not alternative and machines purly resistive component (no need of complex for the math)\n\nright with the blueprint to get a prevew of the multiblock when all black a placed right click again on the block wich looks like a wooden crate in your multiblock and it will form"
        }
      },
      "tasks:9": {
        "0:10": {
          "partialMatch:1": 1,
          "autoConsume:1": 0,
          "groupDetect:1": 0,
          "ignoreNBT:1": 0,
          "index:3": 0,
          "consume:1": 0,
          "requiredItems:9": {
            "0:10": {
              "id:8": "magneticraft:steam_engine",
              "Count:3": 1,
              "Damage:2": 0,
              "OreDict:8": ""
            },
            "1:10": {
              "id:8": "magneticraft:copper_coil",
              "Count:3": 1,
              "tag:10": {},
              "Damage:2": 0,
              "OreDict:8": ""
            },
            "2:10": {
              "id:8": "magneticraft:connector",
              "Count:3": 2,
              "Damage:2": 0,
              "OreDict:8": ""
            },
            "3:10": {
              "id:8": "magneticraft:electric_pole",
              "Count:3": 2,
              "Damage:2": 0,
              "OreDict:8": ""
            },
            "4:10": {
              "id:8": "magneticraft:electric_pole_transformer",
              "Count:3": 2,
              "Damage:2": 0,
              "OreDict:8": ""
            },
            "5:10": {
              "id:8": "magneticraft:multiblock_parts",
              "Count:3": 1,
              "Damage:2": 5,
              "OreDict:8": ""
            },
            "6:10": {
              "id:8": "magneticraft:multiblock_column",
              "Count:3": 2,
              "Damage:2": 0,
              "OreDict:8": ""
            },
            "7:10": {
              "id:8": "magneticraft:multiblock_parts",
              "Count:3": 7,
              "Damage:2": 2,
              "OreDict:8": ""
            },
            "8:10": {
              "id:8": "magneticraft:multiblock_parts",
              "Count:3": 1,
              "Damage:2": 4,
              "OreDict:8": ""
            },
            "9:10": {
              "id:8": "magneticraft:multiblock_parts",
              "Count:3": 3,
              "Damage:2": 0,
              "OreDict:8": ""
            },
            "10:10": {
              "id:8": "minecraft:brick_block",
              "Count:3": 3,
              "Damage:2": 0,
              "OreDict:8": ""
            }
          },
          "taskID:8": "bq_standard:retrieval"
        }
      },
      "rewards:9": {
        "0:10": {
          "rewardID:8": "bq_standard:item",
          "index:3": 0,
          "rewards:9": {
            "0:10": {
              "id:8": "magneticraft:guide_book",
              "Count:3": 1,
              "Damage:2": 0,
              "OreDict:8": ""
            }
          }
        }
      }
    },
    "17:10": {
      "questID:3": 17,
      "preRequisites:11": [
        16
      ],
      "properties:10": {
        "betterquesting:10": {
          "issilent:1": 0,
          "snd_complete:8": "minecraft:entity.player.levelup",
          "lockedprogress:1": 0,
          "tasklogic:8": "AND",
          "repeattime:3": -1,
          "visibility:8": "NORMAL",
          "simultaneous:1": 0,
          "icon:10": {
            "id:8": "magneticraft:sieve",
            "Count:3": 1,
            "Damage:2": 0,
            "OreDict:8": ""
          },
          "globalshare:1": 0,
          "questlogic:8": "AND",
          "snd_update:8": "minecraft:entity.player.levelup",
          "autoclaim:1": 0,
          "repeat_relative:1": 1,
          "ismain:1": 0,
          "name:8": "Sieve",
          "desc:8": "This new high tech sieve can be automated and process other ore"
        }
      },
      "tasks:9": {
        "0:10": {
          "partialMatch:1": 1,
          "autoConsume:1": 0,
          "groupDetect:1": 0,
          "ignoreNBT:1": 0,
          "index:3": 0,
          "consume:1": 0,
          "requiredItems:9": {
            "0:10": {
              "id:8": "magneticraft:multiblock_parts",
              "Count:3": 7,
              "Damage:2": 0,
              "OreDict:8": ""
            },
            "1:10": {
              "id:8": "magneticraft:multiblock_column",
              "Count:3": 6,
              "Damage:2": 0,
              "OreDict:8": ""
            },
            "2:10": {
              "id:8": "magneticraft:multiblock_parts",
              "Count:3": 4,
              "Damage:2": 2,
              "OreDict:8": ""
            },
            "3:10": {
              "id:8": "magneticraft:multiblock_parts",
              "Count:3": 8,
              "Damage:2": 3,
              "OreDict:8": ""
            },
            "4:10": {
              "id:8": "magneticraft:multiblock_parts",
              "Count:3": 4,
              "Damage:2": 5,
              "OreDict:8": ""
            },
            "5:10": {
              "id:8": "magneticraft:sieve",
              "Count:3": 1,
              "Damage:2": 0,
              "OreDict:8": ""
            }
          },
          "taskID:8": "bq_standard:retrieval"
        }
      },
      "rewards:9": {}
    },
    "18:10": {
      "questID:3": 18,
      "preRequisites:11": [
        16
      ],
      "properties:10": {
        "betterquesting:10": {
          "issilent:1": 0,
          "snd_complete:8": "minecraft:entity.player.levelup",
          "lockedprogress:1": 0,
          "tasklogic:8": "AND",
          "repeattime:3": -1,
          "visibility:8": "NORMAL",
          "simultaneous:1": 0,
          "icon:10": {
            "id:8": "magneticraft:big_combustion_chamber",
            "Count:3": 1,
            "Damage:2": 0,
            "OreDict:8": ""
          },
          "globalshare:1": 0,
          "questlogic:8": "AND",
          "snd_update:8": "minecraft:entity.player.levelup",
          "autoclaim:1": 0,
          "repeat_relative:1": 1,
          "ismain:1": 0,
          "name:8": "Big Combustion Chamber",
          "desc:8": "bigger mean better , right ?"
        }
      },
      "tasks:9": {
        "0:10": {
          "partialMatch:1": 1,
          "autoConsume:1": 0,
          "groupDetect:1": 0,
          "ignoreNBT:1": 0,
          "index:3": 0,
          "consume:1": 0,
          "requiredItems:9": {
            "0:10": {
              "id:8": "magneticraft:multiblock_parts",
              "Count:3": 2,
              "Damage:2": 5,
              "OreDict:8": ""
            },
            "1:10": {
              "id:8": "minecraft:brick_block",
              "Count:3": 16,
              "Damage:2": 0,
              "OreDict:8": ""
            },
            "2:10": {
              "id:8": "magneticraft:big_combustion_chamber",
              "Count:3": 1,
              "Damage:2": 0,
              "OreDict:8": ""
            }
          },
          "taskID:8": "bq_standard:retrieval"
        }
      },
      "rewards:9": {}
    },
    "19:10": {
      "questID:3": 19,
      "preRequisites:11": [
        16
      ],
      "properties:10": {
        "betterquesting:10": {
          "issilent:1": 0,
          "snd_complete:8": "minecraft:entity.player.levelup",
          "lockedprogress:1": 0,
          "tasklogic:8": "AND",
          "repeattime:3": -1,
          "visibility:8": "NORMAL",
          "simultaneous:1": 0,
          "icon:10": {
            "id:8": "magneticraft:big_steam_boiler",
            "Count:3": 1,
            "Damage:2": 0,
            "OreDict:8": ""
          },
          "globalshare:1": 0,
          "questlogic:8": "AND",
          "snd_update:8": "minecraft:entity.player.levelup",
          "autoclaim:1": 0,
          "repeat_relative:1": 1,
          "ismain:1": 0,
          "name:8": "Big Steam Boiler",
          "desc:8": "Produce more steam"
        }
      },
      "tasks:9": {
        "0:10": {
          "partialMatch:1": 1,
          "autoConsume:1": 0,
          "groupDetect:1": 0,
          "ignoreNBT:1": 0,
          "index:3": 0,
          "consume:1": 0,
          "requiredItems:9": {
            "0:10": {
              "id:8": "magneticraft:multiblock_parts",
              "Count:3": 8,
              "Damage:2": 0,
              "OreDict:8": ""
            },
            "1:10": {
              "id:8": "magneticraft:multiblock_parts",
              "Count:3": 26,
              "Damage:2": 5,
              "OreDict:8": ""
            },
            "2:10": {
              "id:8": "magneticraft:big_steam_boiler",
              "Count:3": 1,
              "Damage:2": 0,
              "OreDict:8": ""
            }
          },
          "taskID:8": "bq_standard:retrieval"
        }
      },
      "rewards:9": {}
    },
    "20:10": {
      "questID:3": 20,
      "preRequisites:11": [
        16
      ],
      "properties:10": {
        "betterquesting:10": {
          "issilent:1": 0,
          "snd_complete:8": "minecraft:entity.player.levelup",
          "lockedprogress:1": 0,
          "tasklogic:8": "AND",
          "repeattime:3": -1,
          "visibility:8": "NORMAL",
          "simultaneous:1": 0,
          "icon:10": {
            "id:8": "magneticraft:steam_turbine",
            "Count:3": 1,
            "Damage:2": 0,
            "OreDict:8": ""
          },
          "globalshare:1": 0,
          "questlogic:8": "AND",
          "snd_update:8": "minecraft:entity.player.levelup",
          "autoclaim:1": 0,
          "repeat_relative:1": 1,
          "ismain:1": 0,
          "name:8": "Steam turbine",
          "desc:8": "produce more electricity"
        }
      },
      "tasks:9": {
        "0:10": {
          "partialMatch:1": 1,
          "autoConsume:1": 0,
          "groupDetect:1": 0,
          "ignoreNBT:1": 0,
          "index:3": 0,
          "consume:1": 0,
          "requiredItems:9": {
            "0:10": {
              "id:8": "magneticraft:multiblock_parts",
              "Count:3": 11,
              "Damage:2": 0,
              "OreDict:8": ""
            },
            "1:10": {
              "id:8": "magneticraft:multiblock_parts",
              "Count:3": 3,
              "Damage:2": 5,
              "OreDict:8": ""
            },
            "2:10": {
              "id:8": "magneticraft:multiblock_parts",
              "Count:3": 25,
              "Damage:2": 2,
              "OreDict:8": ""
            },
            "3:10": {
              "id:8": "magneticraft:small_tank",
              "Count:3": 3,
              "Damage:2": 0,
              "OreDict:8": ""
            },
            "4:10": {
              "id:8": "magneticraft:multiblock_parts",
              "Count:3": 1,
              "Damage:2": 4,
              "OreDict:8": ""
            },
            "5:10": {
              "id:8": "magneticraft:steam_turbine",
              "Count:3": 1,
              "Damage:2": 0,
              "OreDict:8": ""
            }
          },
          "taskID:8": "bq_standard:retrieval"
        }
      },
      "rewards:9": {}
    },
    "21:10": {
      "questID:3": 21,
      "preRequisites:11": [
        16
      ],
      "properties:10": {
        "betterquesting:10": {
          "issilent:1": 0,
          "snd_complete:8": "minecraft:entity.player.levelup",
          "lockedprogress:1": 0,
          "tasklogic:8": "AND",
          "repeattime:3": -1,
          "visibility:8": "NORMAL",
          "simultaneous:1": 0,
          "icon:10": {
            "id:8": "magneticraft:grinder",
            "Count:3": 1,
            "Damage:2": 0,
            "OreDict:8": ""
          },
          "globalshare:1": 0,
          "questlogic:8": "AND",
          "snd_update:8": "minecraft:entity.player.levelup",
          "autoclaim:1": 0,
          "repeat_relative:1": 1,
          "ismain:1": 0,
          "name:8": "Grinder",
          "desc:8": "An automated way to grind ore an can grind additional ores"
        }
      },
      "tasks:9": {
        "0:10": {
          "partialMatch:1": 1,
          "autoConsume:1": 0,
          "groupDetect:1": 0,
          "ignoreNBT:1": 0,
          "index:3": 0,
          "consume:1": 0,
          "requiredItems:9": {
            "0:10": {
              "id:8": "magneticraft:multiblock_parts",
              "Count:3": 10,
              "Damage:2": 0,
              "OreDict:8": ""
            },
            "1:10": {
              "id:8": "magneticraft:multiblock_parts",
              "Count:3": 1,
              "Damage:2": 4,
              "OreDict:8": ""
            },
            "2:10": {
              "id:8": "magneticraft:multiblock_parts",
              "Count:3": 7,
              "Damage:2": 2,
              "OreDict:8": ""
            },
            "3:10": {
              "id:8": "magneticraft:multiblock_parts",
              "Count:3": 8,
              "Damage:2": 3,
              "OreDict:8": ""
            },
            "4:10": {
              "id:8": "magneticraft:multiblock_parts",
              "Count:3": 8,
              "Damage:2": 5,
              "OreDict:8": ""
            },
            "5:10": {
              "id:8": "magneticraft:grinder",
              "Count:3": 1,
              "Damage:2": 0,
              "OreDict:8": ""
            }
          },
          "taskID:8": "bq_standard:retrieval"
        }
      },
      "rewards:9": {}
    },
    "22:10": {
      "questID:3": 22,
      "preRequisites:11": [
        16
      ],
      "properties:10": {
        "betterquesting:10": {
          "issilent:1": 0,
          "snd_complete:8": "minecraft:entity.player.levelup",
          "lockedprogress:1": 0,
          "tasklogic:8": "AND",
          "repeattime:3": -1,
          "visibility:8": "NORMAL",
          "simultaneous:1": 0,
          "icon:10": {
            "id:8": "magneticraft:hydraulic_press",
            "Count:3": 1,
            "Damage:2": 0,
            "OreDict:8": ""
          },
          "globalshare:1": 0,
          "questlogic:8": "AND",
          "snd_update:8": "minecraft:entity.player.levelup",
          "autoclaim:1": 0,
          "repeat_relative:1": 1,
          "ismain:1": 0,
          "name:8": "Hydrolyc press",
          "desc:8": "can be use to make plate and other nice things "
        }
      },
      "tasks:9": {
        "0:10": {
          "partialMatch:1": 1,
          "autoConsume:1": 0,
          "groupDetect:1": 0,
          "ignoreNBT:1": 0,
          "index:3": 0,
          "consume:1": 0,
          "requiredItems:9": {
            "0:10": {
              "id:8": "magneticraft:multiblock_parts",
              "Count:3": 14,
              "Damage:2": 2,
              "OreDict:8": ""
            },
            "1:10": {
              "id:8": "magneticraft:multiblock_column",
              "Count:3": 7,
              "Damage:2": 0,
              "OreDict:8": ""
            },
            "2:10": {
              "id:8": "magneticraft:multiblock_parts",
              "Count:3": 2,
              "Damage:2": 4,
              "OreDict:8": ""
            },
            "3:10": {
              "id:8": "magneticraft:multiblock_parts",
              "Count:3": 1,
              "Damage:2": 3,
              "OreDict:8": ""
            },
            "4:10": {
              "id:8": "magneticraft:multiblock_parts",
              "Count:3": 2,
              "Damage:2": 5,
              "OreDict:8": ""
            },
            "5:10": {
              "id:8": "magneticraft:hydraulic_press",
              "Count:3": 1,
              "Damage:2": 0,
              "OreDict:8": ""
            }
          },
          "taskID:8": "bq_standard:retrieval"
        }
      },
      "rewards:9": {}
    },
    "23:10": {
      "questID:3": 23,
      "preRequisites:11": [
        16
      ],
      "properties:10": {
        "betterquesting:10": {
          "issilent:1": 0,
          "snd_complete:8": "minecraft:entity.player.levelup",
          "lockedprogress:1": 0,
          "tasklogic:8": "AND",
          "repeattime:3": -1,
          "visibility:8": "NORMAL",
          "simultaneous:1": 0,
          "icon:10": {
            "id:8": "magneticraft:solar_tower",
            "Count:3": 1,
            "Damage:2": 0,
            "OreDict:8": ""
          },
          "globalshare:1": 0,
          "questlogic:8": "AND",
          "snd_update:8": "minecraft:entity.player.levelup",
          "autoclaim:1": 0,
          "repeat_relative:1": 1,
          "ismain:1": 0,
          "name:8": "Solar tower",
          "desc:8": "the solar tower is an other way to make heat it need solars miror to work "
        }
      },
      "tasks:9": {
        "0:10": {
          "partialMatch:1": 1,
          "autoConsume:1": 0,
          "groupDetect:1": 0,
          "ignoreNBT:1": 0,
          "index:3": 0,
          "consume:1": 0,
          "requiredItems:9": {
            "0:10": {
              "id:8": "magneticraft:multiblock_parts",
              "Count:3": 2,
              "Damage:2": 4,
              "OreDict:8": ""
            },
            "1:10": {
              "id:8": "magneticraft:multiblock_parts",
              "Count:3": 8,
              "Damage:2": 5,
              "OreDict:8": ""
            },
            "2:10": {
              "id:8": "magneticraft:multiblock_parts",
              "Count:3": 16,
              "Damage:2": 0,
              "OreDict:8": ""
            },
            "3:10": {
              "id:8": "magneticraft:solar_tower",
              "Count:3": 1,
              "Damage:2": 0,
              "OreDict:8": ""
            }
          },
          "taskID:8": "bq_standard:retrieval"
        },
        "1:10": {
          "partialMatch:1": 1,
          "autoConsume:1": 0,
          "groupDetect:1": 0,
          "ignoreNBT:1": 0,
          "index:3": 1,
          "consume:1": 0,
          "requiredItems:9": {
            "0:10": {
              "id:8": "magneticraft:multiblock_parts",
              "Count:3": 4,
              "Damage:2": 0,
              "OreDict:8": ""
            },
            "1:10": {
              "id:8": "magneticraft:multiblock_parts",
              "Count:3": 2,
              "Damage:2": 5,
              "OreDict:8": ""
            },
            "2:10": {
              "id:8": "magneticraft:solar_mirror",
              "Count:3": 1,
              "Damage:2": 0,
              "OreDict:8": ""
            }
          },
          "taskID:8": "bq_standard:retrieval"
        }
      },
      "rewards:9": {}
    },
    "24:10": {
      "questID:3": 24,
      "preRequisites:11": [
        10
      ],
      "properties:10": {
        "betterquesting:10": {
          "issilent:1": 0,
          "snd_complete:8": "minecraft:entity.player.levelup",
          "lockedprogress:1": 0,
          "tasklogic:8": "AND",
          "repeattime:3": -1,
          "visibility:8": "NORMAL",
          "simultaneous:1": 0,
          "icon:10": {
            "id:8": "projectred-transportation:pipe",
            "Count:3": 1,
            "Damage:2": 3,
            "OreDict:8": ""
          },
          "globalshare:1": 0,
          "questlogic:8": "AND",
          "snd_update:8": "minecraft:entity.player.levelup",
          "autoclaim:1": 0,
          "repeat_relative:1": 1,
          "ismain:1": 0,
          "name:8": "Applied MK0",
          "desc:8": "Project Red add a logistic pipes like system for autocraft and item shorting:\n\n§l§6§lPipes :§r\n\n§7normal pipes§r are used everywere special one are not essential.\n\n§9Routed junction pipes§r are§l needed§l§r at all the §ljunction§r\n\n§5Routed interface§r work as the junction ones but can also hold cards (see below)\n\n§eRouted request§r can work as the junction ones, this pipe has an ui wich allow you to request item or craft from you system the pipe need to be attache to an inventory to place requested item note that the player chest exist ...\n\n§6§lcards :§r\n\n-§e§oItem responder chip :§r allow the system to place specific item in atached inventory, empty blacklist to allow everything won\u0027t cause trauble if there is no room for the item then can be safly use with drawer or drawer controller.\n\n-§e§oDynamic Item responder chip :§r allow the system to place specific item in atached inventory, the whitelist is based on the item contaned in the inventory.\n\n-§b§o§3§o§a§2§oOverflow Item responder chip :§r allow the system to place item that has no other place in an atached inventory, work as a low priority item responder chip with an empty blacklist.\n\n-§8§d§oItem Terminator responder chip :§r work as an Item Responder chip but only when all the responders chips are full including Overflow.\n\n-§3§oItem extractor chip :§r exact item of the attached inventory and place them in the system interact with all responder chip.\n\n-§5§oItem Broadcaster chip : §rallow the system to see what\u0027s in attached inventory interact with the stock keeper card, the crafting card and routed request pipe.\n\n-§9§oItem stock keeper : §o§rallow you to specify a certain amount of certain item to be continuouly keep inside a inventory\n\n-§a§oItem crafting card :§r allow you to create a crafting recipe that can be called with the requester it need to be attached to an auto crafter, the mechanical crafter is a nice one , the project red\u0027s crafting table works pretty nice with there ability to store 9 recipe but need project red\u0027s power \n\n\n\n"
        }
      },
      "tasks:9": {
        "0:10": {
          "partialMatch:1": 1,
          "autoConsume:1": 0,
          "groupDetect:1": 0,
          "ignoreNBT:1": 0,
          "index:3": 0,
          "consume:1": 0,
          "requiredItems:9": {
            "0:10": {
              "id:8": "projectred-transportation:pipe",
              "Count:3": 8,
              "Damage:2": 0,
              "OreDict:8": ""
            },
            "1:10": {
              "id:8": "projectred-transportation:pipe",
              "Count:3": 1,
              "Damage:2": 1,
              "OreDict:8": ""
            },
            "2:10": {
              "id:8": "projectred-transportation:pipe",
              "Count:3": 1,
              "Damage:2": 2,
              "OreDict:8": ""
            },
            "3:10": {
              "id:8": "projectred-transportation:pipe",
              "Count:3": 1,
              "Damage:2": 3,
              "OreDict:8": ""
            }
          },
          "taskID:8": "bq_standard:retrieval"
        }
      },
      "rewards:9": {
        "0:10": {
          "rewardID:8": "bq_standard:item",
          "index:3": 0,
          "rewards:9": {
            "0:10": {
              "id:8": "projectred-transportation:pipe",
              "Count:3": 64,
              "Damage:2": 0,
              "OreDict:8": ""
            },
            "1:10": {
              "id:8": "projectred-transportation:pipe",
              "Count:3": 8,
              "Damage:2": 1,
              "OreDict:8": ""
            }
          }
        }
      }
    },
    "25:10": {
      "questID:3": 25,
      "preRequisites:11": [
        24
      ],
      "properties:10": {
        "betterquesting:10": {
          "issilent:1": 0,
          "snd_complete:8": "minecraft:entity.player.levelup",
          "lockedprogress:1": 0,
          "tasklogic:8": "AND",
          "repeattime:3": -1,
          "visibility:8": "NORMAL",
          "simultaneous:1": 0,
          "icon:10": {
            "id:8": "storagedrawers:controller",
            "Count:3": 1,
            "Damage:2": 0,
            "OreDict:8": ""
          },
          "globalshare:1": 0,
          "questlogic:8": "AND",
          "snd_update:8": "minecraft:entity.player.levelup",
          "autoclaim:1": 0,
          "repeat_relative:1": 1,
          "ismain:1": 0,
          "name:8": "Drawer",
          "desc:8": "everything is better with drawers"
        }
      },
      "tasks:9": {
        "0:10": {
          "partialMatch:1": 1,
          "autoConsume:1": 0,
          "groupDetect:1": 0,
          "ignoreNBT:1": 0,
          "index:3": 0,
          "consume:1": 0,
          "requiredItems:9": {
            "0:10": {
              "id:8": "storagedrawers:framingtable",
              "Count:3": 1,
              "Damage:2": 0,
              "OreDict:8": ""
            },
            "1:10": {
              "id:8": "storagedrawers:customdrawers",
              "Count:3": 1,
              "Damage:2": 0,
              "OreDict:8": ""
            },
            "2:10": {
              "id:8": "storagedrawers:controller",
              "Count:3": 1,
              "Damage:2": 0,
              "OreDict:8": ""
            }
          },
          "taskID:8": "bq_standard:retrieval"
        }
      },
      "rewards:9": {
        "0:10": {
          "rewardID:8": "bq_standard:item",
          "index:3": 0,
          "rewards:9": {
            "0:10": {
              "id:8": "storagedrawers:personal_key",
              "Count:3": 1,
              "Damage:2": 0,
              "OreDict:8": ""
            }
          }
        }
      }
    },
    "26:10": {
      "questID:3": 26,
      "preRequisites:11": [
        25
      ],
      "properties:10": {
        "betterquesting:10": {
          "issilent:1": 0,
          "snd_complete:8": "minecraft:entity.player.levelup",
          "lockedprogress:1": 0,
          "tasklogic:8": "AND",
          "repeattime:3": -1,
          "visibility:8": "NORMAL",
          "simultaneous:1": 0,
          "icon:10": {
            "id:8": "ironchest:iron_chest",
            "Count:3": 1,
            "Damage:2": 0,
            "OreDict:8": ""
          },
          "globalshare:1": 0,
          "questlogic:8": "AND",
          "snd_update:8": "minecraft:entity.player.levelup",
          "autoclaim:1": 0,
          "repeat_relative:1": 1,
          "ismain:1": 0,
          "name:8": "Iron Chest",
          "desc:8": "biggers chest !"
        }
      },
      "tasks:9": {
        "0:10": {
          "partialMatch:1": 1,
          "autoConsume:1": 0,
          "groupDetect:1": 0,
          "ignoreNBT:1": 0,
          "index:3": 0,
          "consume:1": 0,
          "requiredItems:9": {
            "0:10": {
              "id:8": "ironchest:iron_chest",
              "Count:3": 1,
              "Damage:2": 1,
              "OreDict:8": ""
            }
          },
          "taskID:8": "bq_standard:retrieval"
        }
      },
      "rewards:9": {
        "0:10": {
          "rewardID:8": "bq_standard:item",
          "index:3": 0,
          "rewards:9": {
            "0:10": {
              "id:8": "actuallyadditions:block_giant_chest",
              "Count:3": 1,
              "Damage:2": 0,
              "OreDict:8": ""
            }
          }
        }
      }
    },
    "27:10": {
      "questID:3": 27,
      "preRequisites:11": [],
      "properties:10": {
        "betterquesting:10": {
          "issilent:1": 0,
          "snd_complete:8": "minecraft:entity.player.levelup",
          "lockedprogress:1": 0,
          "tasklogic:8": "AND",
          "repeattime:3": -1,
          "visibility:8": "NORMAL",
          "simultaneous:1": 0,
          "icon:10": {
            "id:8": "minecraft:nether_star",
            "Count:3": 1,
            "Damage:2": 0,
            "OreDict:8": ""
          },
          "globalshare:1": 0,
          "questlogic:8": "AND",
          "snd_update:8": "minecraft:entity.player.levelup",
          "autoclaim:1": 0,
          "repeat_relative:1": 1,
          "ismain:1": 0,
          "name:8": "Reload Quest",
          "desc:8": "Reload the quest Database usefull when updating the modpack"
        }
      },
      "tasks:9": {
        "0:10": {
          "index:3": 0,
          "taskID:8": "bq_standard:checkbox"
        }
      },
      "rewards:9": {
        "0:10": {
          "hideBlockIcon:1": 1,
          "rewardID:8": "bq_standard:command",
          "description:8": "Run a command script",
          "viaPlayer:1": 0,
          "index:3": 0,
          "title:8": "bq_standard.reward.command",
          "command:8": "bq_admin default load"
        }
      }
    }
  },
  "questLines:9": {
    "0:10": {
      "quests:9": {
        "0:10": {
          "sizeX:3": 48,
          "x:3": 0,
          "y:3": -24,
          "id:3": 0,
          "sizeY:3": 72
        },
        "1:10": {
          "sizeX:3": 24,
          "x:3": 72,
          "y:3": 0,
          "id:3": 1,
          "sizeY:3": 24
        },
        "2:10": {
          "sizeX:3": 24,
          "x:3": 120,
          "y:3": 0,
          "id:3": 2,
          "sizeY:3": 24
        },
        "3:10": {
          "sizeX:3": 24,
          "x:3": 168,
          "y:3": -24,
          "id:3": 3,
          "sizeY:3": 24
        },
        "4:10": {
          "sizeX:3": 24,
          "x:3": 168,
          "y:3": 24,
          "id:3": 4,
          "sizeY:3": 24
        },
        "5:10": {
          "sizeX:3": 24,
          "x:3": 216,
          "y:3": 0,
          "id:3": 5,
          "sizeY:3": 24
        },
        "6:10": {
          "sizeX:3": 48,
          "x:3": 264,
          "y:3": -24,
          "id:3": 6,
          "sizeY:3": 72
        },
        "7:10": {
          "sizeX:3": 24,
          "x:3": 168,
          "y:3": 72,
          "id:3": 7,
          "sizeY:3": 24
        },
        "8:10": {
          "sizeX:3": 24,
          "x:3": 276,
          "y:3": 72,
          "id:3": 8,
          "sizeY:3": 24
        },
        "9:10": {
          "sizeX:3": 312,
          "x:3": 0,
          "y:3": -60,
          "id:3": 27,
          "sizeY:3": 24
        }
      },
      "lineID:3": 0,
      "properties:10": {
        "betterquesting:10": {
          "visibility:8": "NORMAL",
          "name:8": "Stone Age",
          "icon:10": {
            "id:8": "minecraft:stone",
            "Count:3": 1,
            "Damage:2": 0,
            "OreDict:8": ""
          },
          "bg_image:8": "",
          "bg_size:3": 256,
          "desc:8": "Here is the starting of the modpack"
        }
      },
      "order:3": 0
    },
    "1:10": {
      "quests:9": {
        "0:10": {
          "sizeX:3": 48,
          "x:3": 0,
          "y:3": 0,
          "id:3": 9,
          "sizeY:3": 72
        },
        "1:10": {
          "sizeX:3": 24,
          "x:3": 72,
          "y:3": 24,
          "id:3": 10,
          "sizeY:3": 24
        },
        "2:10": {
          "sizeX:3": 24,
          "x:3": 120,
          "y:3": -24,
          "id:3": 11,
          "sizeY:3": 24
        },
        "3:10": {
          "sizeX:3": 24,
          "x:3": 168,
          "y:3": -24,
          "id:3": 12,
          "sizeY:3": 24
        },
        "4:10": {
          "sizeX:3": 24,
          "x:3": 120,
          "y:3": 24,
          "id:3": 13,
          "sizeY:3": 24
        },
        "5:10": {
          "sizeX:3": 24,
          "x:3": 168,
          "y:3": 72,
          "id:3": 14,
          "sizeY:3": 24
        },
        "6:10": {
          "sizeX:3": 24,
          "x:3": 168,
          "y:3": 24,
          "id:3": 15,
          "sizeY:3": 24
        },
        "7:10": {
          "sizeX:3": 48,
          "x:3": 216,
          "y:3": 0,
          "id:3": 16,
          "sizeY:3": 72
        },
        "8:10": {
          "sizeX:3": 24,
          "x:3": 288,
          "y:3": 24,
          "id:3": 17,
          "sizeY:3": 24
        },
        "9:10": {
          "sizeX:3": 24,
          "x:3": 288,
          "y:3": -12,
          "id:3": 18,
          "sizeY:3": 24
        },
        "10:10": {
          "sizeX:3": 24,
          "x:3": 264,
          "y:3": -36,
          "id:3": 19,
          "sizeY:3": 24
        },
        "11:10": {
          "sizeX:3": 24,
          "x:3": 228,
          "y:3": -48,
          "id:3": 20,
          "sizeY:3": 24
        },
        "12:10": {
          "sizeX:3": 24,
          "x:3": 288,
          "y:3": 60,
          "id:3": 21,
          "sizeY:3": 24
        },
        "13:10": {
          "sizeX:3": 24,
          "x:3": 264,
          "y:3": 84,
          "id:3": 22,
          "sizeY:3": 24
        },
        "14:10": {
          "sizeX:3": 24,
          "x:3": 228,
          "y:3": 96,
          "id:3": 23,
          "sizeY:3": 24
        },
        "15:10": {
          "sizeX:3": 24,
          "x:3": 72,
          "y:3": 72,
          "id:3": 24,
          "sizeY:3": 24
        },
        "16:10": {
          "sizeX:3": 24,
          "x:3": 72,
          "y:3": 120,
          "id:3": 25,
          "sizeY:3": 24
        },
        "17:10": {
          "sizeX:3": 24,
          "x:3": 120,
          "y:3": 120,
          "id:3": 26,
          "sizeY:3": 24
        }
      },
      "lineID:3": 1,
      "properties:10": {
        "betterquesting:10": {
          "visibility:8": "NORMAL",
          "name:8": "Bronze Age",
          "icon:10": {
            "id:8": "thermalfoundation:storage_alloy",
            "Count:3": 1,
            "Damage:2": 3,
            "OreDict:8": ""
          },
          "bg_image:8": "",
          "bg_size:3": 256,
          "desc:8": ""
        }
      },
      "order:3": 1
    }
  },
  "questSettings:10": {
    "betterquesting:10": {
      "livesdef:3": 3,
      "pack_name:8": "",
      "home_anchor_y:5": 0.0,
      "livesmax:3": 10,
      "home_anchor_x:5": 0.5,
      "editmode:1": 1,
      "hardcore:1": 0,
      "home_image:8": "betterquesting:textures/gui/default_title.png",
      "party_enable:1": 1,
      "pack_version:3": 0,
      "home_offset_x:3": -128,
      "home_offset_y:3": 0
    }
  }
}