{"stat.walkOneCm":20684,"stat.leaveGame":19,"stat.damageTaken":240,"stat.useItem.minecraft.stonebrick":52,"stat.useItem.extrautils2.itemcreativebuilderswand":26,"stat.useItem.minecraft.golden_hoe":1,"stat.flyOneCm":33754,"stat.deaths":1,"stat.useItem.immersiveengineering.stone_decoration":54,"stat.jump":25,"stat.swimOneCm":117,"stat.playOneMinute":698957,"stat.sneakTime":569,"stat.crouchOneCm":429,"stat.timeSinceDeath":698596,"stat.useItem.minecraft.stone_slab2":219,"stat.useItem.agricraft.crop_sticks":5,"stat.useItem.minecraft.water_bucket":1}